{
	"info": {
		"_postman_id": "45498545-57e2-4e22-8184-4cf86023e4ba",
		"name": "products",
		"schema": "https://schema.getpostman.com/json/collection/v2.1.0/collection.json",
		"_exporter_id": "8377723"
	},
	"item": [
		{
			"name": "findAll",
			"request": {
				"method": "GET",
				"header": [],
				"url": {
					"raw": "http://localhost:8080/api/products",
					"protocol": "http",
					"host": [
						"localhost"
					],
					"port": "8080",
					"path": [
						"api",
						"products"
					]
				}
			},
			"response": []
		},
		{
			"name": "findById",
			"request": {
				"method": "GET",
				"header": [],
				"url": {
					"raw": "http://localhost:8080/api/products/333",
					"protocol": "http",
					"host": [
						"localhost"
					],
					"port": "8080",
					"path": [
						"api",
						"products",
						"333"
					]
				}
			},
			"response": []
		},
		{
			"name": "find using search",
			"request": {
				"method": "GET",
				"header": [],
				"url": {
					"raw": "http://localhost:8080/api/products/search/productName=\"Wardobe\"",
					"protocol": "http",
					"host": [
						"localhost"
					],
					"port": "8080",
					"path": [
						"api",
						"products",
						"search",
						"productName=\"Wardobe\""
					]
				}
			},
			"response": []
		},
		{
			"name": "create",
			"request": {
				"method": "POST",
				"header": [],
				"body": {
					"mode": "raw",
					"raw": "{\r\n\"productid\": 111,\r\n\"productname\": \"Furniture\",\r\n\"productprice\": 25000,\r\n\"productstatus\": \"Active\"\r\n}",
					"options": {
						"raw": {
							"language": "json"
						}
					}
				},
				"url": {
					"raw": "http://localhost:8080/api/products/create",
					"protocol": "http",
					"host": [
						"localhost"
					],
					"port": "8080",
					"path": [
						"api",
						"products",
						"create"
					]
				}
			},
			"response": []
		},
		{
			"name": "Update",
			"request": {
				"method": "PUT",
				"header": [],
				"body": {
					"mode": "raw",
					"raw": "{\r\n\"productid\": 222,\r\n\"productname\": \"Furniture Home\",\r\n\"productprice\": 3000,\r\n\"productstatus\": \"Active\"\r\n}",
					"options": {
						"raw": {
							"language": "json"
						}
					}
				},
				"url": {
					"raw": "http://localhost:8080/api/products/222",
					"protocol": "http",
					"host": [
						"localhost"
					],
					"port": "8080",
					"path": [
						"api",
						"products",
						"222"
					]
				}
			},
			"response": []
		},
		{
			"name": "delete",
			"request": {
				"method": "DELETE",
				"header": [],
				"url": {
					"raw": "http://localhost:8080/api/products/111",
					"protocol": "http",
					"host": [
						"localhost"
					],
					"port": "8080",
					"path": [
						"api",
						"products",
						"111"
					]
				}
			},
			"response": []
		},
		{
			"name": "find ApprovalQueues",
			"request": {
				"method": "GET",
				"header": [],
				"url": {
					"raw": "http://localhost:8080/api/products/approval-queue",
					"protocol": "http",
					"host": [
						"localhost"
					],
					"port": "8080",
					"path": [
						"api",
						"products",
						"approval-queue"
					]
				}
			},
			"response": []
		},
		{
			"name": "Approval approve",
			"request": {
				"method": "PUT",
				"header": [],
				"url": {
					"raw": "http://localhost:8080/api/products/approval-queue/{333}/approve",
					"protocol": "http",
					"host": [
						"localhost"
					],
					"port": "8080",
					"path": [
						"api",
						"products",
						"approval-queue",
						"{333}",
						"approve"
					]
				}
			},
			"response": []
		},
		{
			"name": "Approval Reject",
			"request": {
				"method": "PUT",
				"header": [],
				"url": {
					"raw": "http://localhost:8080/api/products/approval-queue/{333}/reject",
					"protocol": "http",
					"host": [
						"localhost"
					],
					"port": "8080",
					"path": [
						"api",
						"products",
						"approval-queue",
						"{333}",
						"reject"
					]
				}
			},
			"response": []
		}
	]
}